ID,隸屬單位,職稱類別,每週機械重複工作時數(小時),主要日常工作痛點,期望自動化項目,AI工具使用熟悉度(1-5),對AI輔助意願(1-5)
RESP_001,數理科學組,特聘/研究員,15,主管臨時要求製作進度簡報，排版與調顏色耗費數小時,批次檔案分類與重命名,2,3
RESP_002,數理科學組,行政幹事,15,多版本論文修訂草稿與參考文獻手動比對費時,自動生成標準報告簡報,4,3
RESP_003,數理科學組,特聘/研究員,7,實驗與調查原始 CSV 數據格式繁雜，需手動清洗排版,多語言學術文獻快速摘錄,1,5
RESP_004,生命科學組,行政幹事,14,多版本論文修訂草稿與參考文獻手動比對費時,問卷數據自動摘要與異常值偵測,2,4
RESP_005,資訊服務處,助理研究員,16,每週花費過多時間在跨所公文與行政請購單據整理,批次檔案分類與重命名,4,4
RESP_006,人文及社會科學組,副研究員,7,主管臨時要求製作進度簡報，排版與調顏色耗費數小時,自動生成標準報告簡報,1,4
RESP_007,數理科學組,助理研究員,17,主管臨時要求製作進度簡報，排版與調顏色耗費數小時,多語言學術文獻快速摘錄,3,3
RESP_008,院本部行政處室,專案經理/助理,5,政府公開標案與學術補助網站資訊需手動逐頁複製登記,自動生成標準報告簡報,3,5
RESP_009,資訊服務處,助理研究員,13,實驗與調查原始 CSV 數據格式繁雜，需手動清洗排版,自動生成標準報告簡報,1,5
RESP_010,生命科學組,助理研究員,5,實驗與調查原始 CSV 數據格式繁雜，需手動清洗排版,自動生成標準報告簡報,4,4
RESP_011,院本部行政處室,行政幹事,17,主管臨時要求製作進度簡報，排版與調顏色耗費數小時,批次檔案分類與重命名,3,4
RESP_012,生命科學組,行政幹事,8,每週花費過多時間在跨所公文與行政請購單據整理,多語言學術文獻快速摘錄,2,5
RESP_013,生命科學組,副研究員,11,政府公開標案與學術補助網站資訊需手動逐頁複製登記,定期自動爬取公部門最新公告,2,5
RESP_014,人文及社會科學組,特聘/研究員,7,每週花費過多時間在跨所公文與行政請購單據整理,定期自動爬取公部門最新公告,4,4
RESP_015,數理科學組,副研究員,18,多版本論文修訂草稿與參考文獻手動比對費時,定期自動爬取公部門最新公告,2,5
RESP_016,院本部行政處室,博士後研究員,18,政府公開標案與學術補助網站資訊需手動逐頁複製登記,批次檔案分類與重命名,3,3
RESP_017,生命科學組,行政幹事,12,多版本論文修訂草稿與參考文獻手動比對費時,定期自動爬取公部門最新公告,4,5
RESP_018,院本部行政處室,助理研究員,7,實驗與調查原始 CSV 數據格式繁雜，需手動清洗排版,多語言學術文獻快速摘錄,4,3
RESP_019,數理科學組,特聘/研究員,6,實驗與調查原始 CSV 數據格式繁雜，需手動清洗排版,問卷數據自動摘要與異常值偵測,1,4
RESP_020,院本部行政處室,專案經理/助理,11,多版本論文修訂草稿與參考文獻手動比對費時,定期自動爬取公部門最新公告,1,5
RESP_021,數理科學組,行政幹事,18,多版本論文修訂草稿與參考文獻手動比對費時,定期自動爬取公部門最新公告,3,3
RESP_022,人文及社會科學組,博士後研究員,6,政府公開標案與學術補助網站資訊需手動逐頁複製登記,自動生成標準報告簡報,3,5
RESP_023,生命科學組,專案經理/助理,18,每週花費過多時間在跨所公文與行政請購單據整理,定期自動爬取公部門最新公告,2,3
RESP_024,人文及社會科學組,副研究員,12,多版本論文修訂草稿與參考文獻手動比對費時,自動生成標準報告簡報,3,4
RESP_025,數理科學組,特聘/研究員,18,主管臨時要求製作進度簡報，排版與調顏色耗費數小時,定期自動爬取公部門最新公告,2,3
RESP_026,生命科學組,專案經理/助理,5,每週花費過多時間在跨所公文與行政請購單據整理,問卷數據自動摘要與異常值偵測,1,5
RESP_027,生命科學組,副研究員,14,政府公開標案與學術補助網站資訊需手動逐頁複製登記,多語言學術文獻快速摘錄,2,4
RESP_028,資訊服務處,專案經理/助理,10,實驗與調查原始 CSV 數據格式繁雜，需手動清洗排版,多語言學術文獻快速摘錄,2,5
RESP_029,人文及社會科學組,博士後研究員,14,主管臨時要求製作進度簡報，排版與調顏色耗費數小時,問卷數據自動摘要與異常值偵測,4,3
RESP_030,生命科學組,副研究員,5,主管臨時要求製作進度簡報，排版與調顏色耗費數小時,自動生成標準報告簡報,2,5
RESP_031,生命科學組,特聘/研究員,5,每週花費過多時間在跨所公文與行政請購單據整理,批次檔案分類與重命名,1,3
RESP_032,人文及社會科學組,特聘/研究員,12,實驗與調查原始 CSV 數據格式繁雜，需手動清洗排版,定期自動爬取公部門最新公告,4,3
RESP_033,資訊服務處,副研究員,15,多版本論文修訂草稿與參考文獻手動比對費時,多語言學術文獻快速摘錄,4,3
RESP_034,院本部行政處室,博士後研究員,7,每週花費過多時間在跨所公文與行政請購單據整理,自動生成標準報告簡報,4,4
RESP_035,院本部行政處室,博士後研究員,11,每週花費過多時間在跨所公文與行政請購單據整理,自動生成標準報告簡報,1,4
RESP_036,人文及社會科學組,特聘/研究員,7,實驗與調查原始 CSV 數據格式繁雜，需手動清洗排版,批次檔案分類與重命名,4,3
RESP_037,院本部行政處室,副研究員,8,政府公開標案與學術補助網站資訊需手動逐頁複製登記,批次檔案分類與重命名,1,4
RESP_038,資訊服務處,特聘/研究員,4,多版本論文修訂草稿與參考文獻手動比對費時,自動生成標準報告簡報,1,3
RESP_039,生命科學組,博士後研究員,11,政府公開標案與學術補助網站資訊需手動逐頁複製登記,批次檔案分類與重命名,4,3
RESP_040,生命科學組,博士後研究員,4,政府公開標案與學術補助網站資訊需手動逐頁複製登記,定期自動爬取公部門最新公告,4,4
RESP_041,院本部行政處室,行政幹事,15,多版本論文修訂草稿與參考文獻手動比對費時,問卷數據自動摘要與異常值偵測,2,3
RESP_042,人文及社會科學組,副研究員,4,多版本論文修訂草稿與參考文獻手動比對費時,多語言學術文獻快速摘錄,1,5
RESP_043,人文及社會科學組,特聘/研究員,4,多版本論文修訂草稿與參考文獻手動比對費時,問卷數據自動摘要與異常值偵測,2,3
RESP_044,資訊服務處,特聘/研究員,17,實驗與調查原始 CSV 數據格式繁雜，需手動清洗排版,自動生成標準報告簡報,1,5
RESP_045,生命科學組,博士後研究員,5,多版本論文修訂草稿與參考文獻手動比對費時,批次檔案分類與重命名,1,5
RESP_046,數理科學組,博士後研究員,14,多版本論文修訂草稿與參考文獻手動比對費時,多語言學術文獻快速摘錄,3,4
RESP_047,生命科學組,行政幹事,15,主管臨時要求製作進度簡報，排版與調顏色耗費數小時,批次檔案分類與重命名,3,4
RESP_048,生命科學組,行政幹事,14,主管臨時要求製作進度簡報，排版與調顏色耗費數小時,問卷數據自動摘要與異常值偵測,3,3
RESP_049,數理科學組,博士後研究員,13,多版本論文修訂草稿與參考文獻手動比對費時,自動生成標準報告簡報,1,5
RESP_050,生命科學組,專案經理/助理,8,實驗與調查原始 CSV 數據格式繁雜，需手動清洗排版,定期自動爬取公部門最新公告,1,3
RESP_051,人文及社會科學組,助理研究員,6,政府公開標案與學術補助網站資訊需手動逐頁複製登記,多語言學術文獻快速摘錄,3,5
RESP_052,資訊服務處,特聘/研究員,14,多版本論文修訂草稿與參考文獻手動比對費時,定期自動爬取公部門最新公告,1,3
RESP_053,人文及社會科學組,特聘/研究員,18,每週花費過多時間在跨所公文與行政請購單據整理,多語言學術文獻快速摘錄,2,4
RESP_054,人文及社會科學組,專案經理/助理,7,主管臨時要求製作進度簡報，排版與調顏色耗費數小時,批次檔案分類與重命名,3,5
RESP_055,院本部行政處室,助理研究員,18,每週花費過多時間在跨所公文與行政請購單據整理,自動生成標準報告簡報,4,4
RESP_056,數理科學組,特聘/研究員,9,實驗與調查原始 CSV 數據格式繁雜，需手動清洗排版,定期自動爬取公部門最新公告,2,5
RESP_057,院本部行政處室,專案經理/助理,15,政府公開標案與學術補助網站資訊需手動逐頁複製登記,多語言學術文獻快速摘錄,1,3
RESP_058,數理科學組,行政幹事,18,實驗與調查原始 CSV 數據格式繁雜，需手動清洗排版,多語言學術文獻快速摘錄,1,4
RESP_059,資訊服務處,專案經理/助理,6,政府公開標案與學術補助網站資訊需手動逐頁複製登記,批次檔案分類與重命名,1,4
RESP_060,人文及社會科學組,特聘/研究員,18,主管臨時要求製作進度簡報，排版與調顏色耗費數小時,批次檔案分類與重命名,2,5
RESP_061,數理科學組,助理研究員,16,多版本論文修訂草稿與參考文獻手動比對費時,問卷數據自動摘要與異常值偵測,2,3
RESP_062,生命科學組,副研究員,18,政府公開標案與學術補助網站資訊需手動逐頁複製登記,自動生成標準報告簡報,2,5
RESP_063,人文及社會科學組,博士後研究員,16,實驗與調查原始 CSV 數據格式繁雜，需手動清洗排版,定期自動爬取公部門最新公告,2,5
RESP_064,數理科學組,博士後研究員,17,每週花費過多時間在跨所公文與行政請購單據整理,問卷數據自動摘要與異常值偵測,2,3
RESP_065,院本部行政處室,助理研究員,8,實驗與調查原始 CSV 數據格式繁雜，需手動清洗排版,批次檔案分類與重命名,1,5
RESP_066,生命科學組,博士後研究員,9,主管臨時要求製作進度簡報，排版與調顏色耗費數小時,自動生成標準報告簡報,3,4
RESP_067,資訊服務處,博士後研究員,14,多版本論文修訂草稿與參考文獻手動比對費時,定期自動爬取公部門最新公告,1,3
RESP_068,人文及社會科學組,副研究員,13,主管臨時要求製作進度簡報，排版與調顏色耗費數小時,自動生成標準報告簡報,1,5
RESP_069,院本部行政處室,助理研究員,15,主管臨時要求製作進度簡報，排版與調顏色耗費數小時,問卷數據自動摘要與異常值偵測,1,4
RESP_070,資訊服務處,副研究員,8,每週花費過多時間在跨所公文與行政請購單據整理,問卷數據自動摘要與異常值偵測,1,5
RESP_071,資訊服務處,行政幹事,15,實驗與調查原始 CSV 數據格式繁雜，需手動清洗排版,定期自動爬取公部門最新公告,4,3
RESP_072,人文及社會科學組,專案經理/助理,9,每週花費過多時間在跨所公文與行政請購單據整理,定期自動爬取公部門最新公告,3,5
RESP_073,院本部行政處室,助理研究員,10,主管臨時要求製作進度簡報，排版與調顏色耗費數小時,多語言學術文獻快速摘錄,2,3
RESP_074,院本部行政處室,行政幹事,10,實驗與調查原始 CSV 數據格式繁雜，需手動清洗排版,多語言學術文獻快速摘錄,3,4
RESP_075,資訊服務處,特聘/研究員,8,主管臨時要求製作進度簡報，排版與調顏色耗費數小時,批次檔案分類與重命名,4,5
RESP_076,資訊服務處,行政幹事,9,政府公開標案與學術補助網站資訊需手動逐頁複製登記,問卷數據自動摘要與異常值偵測,4,5
RESP_077,生命科學組,專案經理/助理,11,實驗與調查原始 CSV 數據格式繁雜，需手動清洗排版,自動生成標準報告簡報,3,5
RESP_078,資訊服務處,助理研究員,5,實驗與調查原始 CSV 數據格式繁雜，需手動清洗排版,定期自動爬取公部門最新公告,2,3
RESP_079,生命科學組,特聘/研究員,4,實驗與調查原始 CSV 數據格式繁雜，需手動清洗排版,問卷數據自動摘要與異常值偵測,1,4
RESP_080,院本部行政處室,行政幹事,13,實驗與調查原始 CSV 數據格式繁雜，需手動清洗排版,問卷數據自動摘要與異常值偵測,4,4
RESP_081,生命科學組,副研究員,14,每週花費過多時間在跨所公文與行政請購單據整理,自動生成標準報告簡報,4,3
RESP_082,生命科學組,行政幹事,12,政府公開標案與學術補助網站資訊需手動逐頁複製登記,自動生成標準報告簡報,2,3
RESP_083,院本部行政處室,副研究員,16,政府公開標案與學術補助網站資訊需手動逐頁複製登記,多語言學術文獻快速摘錄,3,4
RESP_084,資訊服務處,行政幹事,18,多版本論文修訂草稿與參考文獻手動比對費時,問卷數據自動摘要與異常值偵測,4,3
RESP_085,院本部行政處室,博士後研究員,8,實驗與調查原始 CSV 數據格式繁雜，需手動清洗排版,定期自動爬取公部門最新公告,4,5
RESP_086,生命科學組,助理研究員,11,每週花費過多時間在跨所公文與行政請購單據整理,定期自動爬取公部門最新公告,2,4
RESP_087,人文及社會科學組,助理研究員,18,多版本論文修訂草稿與參考文獻手動比對費時,自動生成標準報告簡報,2,3
RESP_088,生命科學組,博士後研究員,15,實驗與調查原始 CSV 數據格式繁雜，需手動清洗排版,批次檔案分類與重命名,1,4
RESP_089,院本部行政處室,助理研究員,12,政府公開標案與學術補助網站資訊需手動逐頁複製登記,問卷數據自動摘要與異常值偵測,1,3
RESP_090,院本部行政處室,博士後研究員,18,多版本論文修訂草稿與參考文獻手動比對費時,自動生成標準報告簡報,4,4
RESP_091,數理科學組,助理研究員,8,政府公開標案與學術補助網站資訊需手動逐頁複製登記,問卷數據自動摘要與異常值偵測,2,4
RESP_092,生命科學組,助理研究員,10,政府公開標案與學術補助網站資訊需手動逐頁複製登記,自動生成標準報告簡報,4,4
RESP_093,院本部行政處室,行政幹事,6,政府公開標案與學術補助網站資訊需手動逐頁複製登記,批次檔案分類與重命名,1,4
RESP_094,資訊服務處,專案經理/助理,14,每週花費過多時間在跨所公文與行政請購單據整理,自動生成標準報告簡報,4,3
RESP_095,院本部行政處室,副研究員,4,主管臨時要求製作進度簡報，排版與調顏色耗費數小時,問卷數據自動摘要與異常值偵測,3,3
RESP_096,院本部行政處室,助理研究員,9,政府公開標案與學術補助網站資訊需手動逐頁複製登記,定期自動爬取公部門最新公告,4,4
RESP_097,數理科學組,博士後研究員,4,多版本論文修訂草稿與參考文獻手動比對費時,自動生成標準報告簡報,3,3
RESP_098,數理科學組,行政幹事,4,每週花費過多時間在跨所公文與行政請購單據整理,批次檔案分類與重命名,2,3
RESP_099,資訊服務處,副研究員,7,實驗與調查原始 CSV 數據格式繁雜，需手動清洗排版,問卷數據自動摘要與異常值偵測,1,5
RESP_100,生命科學組,博士後研究員,15,主管臨時要求製作進度簡報，排版與調顏色耗費數小時,定期自動爬取公部門最新公告,2,5
RESP_101,資訊服務處,行政幹事,15,每週花費過多時間在跨所公文與行政請購單據整理,批次檔案分類與重命名,3,3
RESP_102,資訊服務處,特聘/研究員,18,主管臨時要求製作進度簡報，排版與調顏色耗費數小時,多語言學術文獻快速摘錄,4,4
RESP_103,生命科學組,特聘/研究員,13,實驗與調查原始 CSV 數據格式繁雜，需手動清洗排版,自動生成標準報告簡報,3,5
RESP_104,資訊服務處,特聘/研究員,16,多版本論文修訂草稿與參考文獻手動比對費時,自動生成標準報告簡報,3,5
RESP_105,院本部行政處室,行政幹事,9,每週花費過多時間在跨所公文與行政請購單據整理,多語言學術文獻快速摘錄,3,3
RESP_106,院本部行政處室,博士後研究員,5,政府公開標案與學術補助網站資訊需手動逐頁複製登記,定期自動爬取公部門最新公告,4,5
RESP_107,生命科學組,博士後研究員,6,多版本論文修訂草稿與參考文獻手動比對費時,定期自動爬取公部門最新公告,4,4
RESP_108,院本部行政處室,行政幹事,13,主管臨時要求製作進度簡報，排版與調顏色耗費數小時,定期自動爬取公部門最新公告,2,3
RESP_109,人文及社會科學組,博士後研究員,7,政府公開標案與學術補助網站資訊需手動逐頁複製登記,多語言學術文獻快速摘錄,4,4
RESP_110,數理科學組,博士後研究員,17,主管臨時要求製作進度簡報，排版與調顏色耗費數小時,批次檔案分類與重命名,4,3
RESP_111,人文及社會科學組,助理研究員,9,主管臨時要求製作進度簡報，排版與調顏色耗費數小時,多語言學術文獻快速摘錄,3,5
RESP_112,數理科學組,專案經理/助理,7,每週花費過多時間在跨所公文與行政請購單據整理,批次檔案分類與重命名,4,4
RESP_113,資訊服務處,副研究員,15,政府公開標案與學術補助網站資訊需手動逐頁複製登記,問卷數據自動摘要與異常值偵測,4,3
RESP_114,數理科學組,助理研究員,7,政府公開標案與學術補助網站資訊需手動逐頁複製登記,批次檔案分類與重命名,3,5
RESP_115,資訊服務處,助理研究員,11,多版本論文修訂草稿與參考文獻手動比對費時,多語言學術文獻快速摘錄,3,4
RESP_116,資訊服務處,助理研究員,9,政府公開標案與學術補助網站資訊需手動逐頁複製登記,定期自動爬取公部門最新公告,3,4
RESP_117,生命科學組,特聘/研究員,15,實驗與調查原始 CSV 數據格式繁雜，需手動清洗排版,定期自動爬取公部門最新公告,1,5
RESP_118,資訊服務處,行政幹事,6,實驗與調查原始 CSV 數據格式繁雜，需手動清洗排版,批次檔案分類與重命名,4,4
RESP_119,資訊服務處,專案經理/助理,13,主管臨時要求製作進度簡報，排版與調顏色耗費數小時,自動生成標準報告簡報,2,4
RESP_120,生命科學組,助理研究員,6,主管臨時要求製作進度簡報，排版與調顏色耗費數小時,自動生成標準報告簡報,2,4
RESP_121,數理科學組,特聘/研究員,12,主管臨時要求製作進度簡報，排版與調顏色耗費數小時,批次檔案分類與重命名,4,3
RESP_122,數理科學組,專案經理/助理,8,政府公開標案與學術補助網站資訊需手動逐頁複製登記,問卷數據自動摘要與異常值偵測,4,4
RESP_123,生命科學組,特聘/研究員,8,政府公開標案與學術補助網站資訊需手動逐頁複製登記,自動生成標準報告簡報,1,4
RESP_124,院本部行政處室,特聘/研究員,13,每週花費過多時間在跨所公文與行政請購單據整理,批次檔案分類與重命名,2,5
RESP_125,人文及社會科學組,特聘/研究員,7,每週花費過多時間在跨所公文與行政請購單據整理,多語言學術文獻快速摘錄,4,5
RESP_126,資訊服務處,專案經理/助理,7,多版本論文修訂草稿與參考文獻手動比對費時,問卷數據自動摘要與異常值偵測,4,4
RESP_127,人文及社會科學組,專案經理/助理,10,主管臨時要求製作進度簡報，排版與調顏色耗費數小時,多語言學術文獻快速摘錄,1,5
RESP_128,數理科學組,副研究員,14,實驗與調查原始 CSV 數據格式繁雜，需手動清洗排版,定期自動爬取公部門最新公告,1,3
RESP_129,生命科學組,副研究員,12,每週花費過多時間在跨所公文與行政請購單據整理,批次檔案分類與重命名,1,4
RESP_130,院本部行政處室,行政幹事,13,政府公開標案與學術補助網站資訊需手動逐頁複製登記,定期自動爬取公部門最新公告,1,3
RESP_131,人文及社會科學組,行政幹事,8,政府公開標案與學術補助網站資訊需手動逐頁複製登記,自動生成標準報告簡報,2,4
RESP_132,資訊服務處,行政幹事,16,實驗與調查原始 CSV 數據格式繁雜，需手動清洗排版,問卷數據自動摘要與異常值偵測,1,5
RESP_133,生命科學組,行政幹事,6,主管臨時要求製作進度簡報，排版與調顏色耗費數小時,批次檔案分類與重命名,1,3
RESP_134,生命科學組,助理研究員,13,多版本論文修訂草稿與參考文獻手動比對費時,定期自動爬取公部門最新公告,4,3
RESP_135,院本部行政處室,行政幹事,8,政府公開標案與學術補助網站資訊需手動逐頁複製登記,定期自動爬取公部門最新公告,4,4
RESP_136,數理科學組,專案經理/助理,4,政府公開標案與學術補助網站資訊需手動逐頁複製登記,定期自動爬取公部門最新公告,3,3
RESP_137,數理科學組,副研究員,14,多版本論文修訂草稿與參考文獻手動比對費時,多語言學術文獻快速摘錄,1,5
RESP_138,人文及社會科學組,專案經理/助理,4,實驗與調查原始 CSV 數據格式繁雜，需手動清洗排版,問卷數據自動摘要與異常值偵測,4,4
RESP_139,生命科學組,專案經理/助理,10,政府公開標案與學術補助網站資訊需手動逐頁複製登記,自動生成標準報告簡報,4,4
RESP_140,院本部行政處室,助理研究員,9,每週花費過多時間在跨所公文與行政請購單據整理,批次檔案分類與重命名,3,4
RESP_141,院本部行政處室,助理研究員,14,政府公開標案與學術補助網站資訊需手動逐頁複製登記,多語言學術文獻快速摘錄,1,4
RESP_142,數理科學組,助理研究員,8,主管臨時要求製作進度簡報，排版與調顏色耗費數小時,自動生成標準報告簡報,4,5
RESP_143,數理科學組,行政幹事,17,多版本論文修訂草稿與參考文獻手動比對費時,問卷數據自動摘要與異常值偵測,4,3
RESP_144,生命科學組,專案經理/助理,9,多版本論文修訂草稿與參考文獻手動比對費時,問卷數據自動摘要與異常值偵測,4,3
RESP_145,生命科學組,助理研究員,12,實驗與調查原始 CSV 數據格式繁雜，需手動清洗排版,定期自動爬取公部門最新公告,4,5
RESP_146,院本部行政處室,特聘/研究員,4,多版本論文修訂草稿與參考文獻手動比對費時,批次檔案分類與重命名,2,4
RESP_147,資訊服務處,特聘/研究員,12,政府公開標案與學術補助網站資訊需手動逐頁複製登記,自動生成標準報告簡報,2,3
RESP_148,院本部行政處室,特聘/研究員,14,實驗與調查原始 CSV 數據格式繁雜，需手動清洗排版,問卷數據自動摘要與異常值偵測,3,5
RESP_149,人文及社會科學組,博士後研究員,17,政府公開標案與學術補助網站資訊需手動逐頁複製登記,問卷數據自動摘要與異常值偵測,2,4
RESP_150,資訊服務處,副研究員,10,實驗與調查原始 CSV 數據格式繁雜，需手動清洗排版,多語言學術文獻快速摘錄,2,3
